model,family,val_RMSE,val_MAE,val_R2,test_RMSE,test_MAE,test_R2,train_sec,iters,best_epoch
"Hybrid NN (emb=64, h=256, drop=0.3, wd=0.1)",pytorch,0.8512546787889599,0.6650319695472717,0.42104530334472656,0.8511201602093962,0.6649568676948547,0.4179380536079407,8.002513408660889,,6.0
"Hybrid NN (emb=48, h=192, drop=0.3, wd=0.15)",pytorch,0.8529079552413514,0.6661369800567627,0.4187942147254944,0.8507233781284065,0.6644024848937988,0.41848063468933105,9.470015525817871,,8.0
"Hybrid NN (emb=32, h=128, drop=0.25, wd=0.08)",pytorch,0.8532688997636105,0.6658899784088135,0.4183022379875183,0.8514671622287509,0.6655789017677307,0.41746336221694946,10.265496969223022,,9.0
"MF (emb=64, wd=0.25)",pytorch,0.862348959316604,0.6767961382865906,0.4058561325073242,0.8610720091490798,0.6768473982810974,0.40424680709838867,3.73055100440979,,4.0
"MF (emb=32, wd=0.1)",pytorch,0.8664438306605676,0.6789510846138,0.4002000689506531,0.8668426652858425,0.6802843809127808,0.396234929561615,3.9195799827575684,,4.0
"HistGB (lr=0.08, leaves=31)",gbm,0.92028137987467,0.7318085205633129,0.3233457989022599,0.9208691216442345,0.7324910791056152,0.31862959072403285,114.84768915176392,400.0,
Ridge (alpha=5),linear,0.92039024270774,0.7298645377159119,0.32318562269210815,0.9210834984698248,0.7309855818748474,0.3183123469352722,2.5829713344573975,,
Ridge (alpha=0.5),linear,0.92039024270774,0.7298642992973328,0.32318562269210815,0.9210834014026512,0.7309854030609131,0.31831246614456177,1.8979716300964355,,
Ridge (alpha=50),linear,0.9203906636488631,0.729866623878479,0.3231850266456604,0.9210836926041415,0.7309874892234802,0.31831198930740356,1.4099740982055664,,
"HistGB (lr=0.05, leaves=63)",gbm,0.925258305024059,0.7361164575220208,0.31600725308444455,0.9256216098101419,0.7368698142834701,0.3115785110178855,181.58057022094727,600.0,
User mean + movie mean (additive),baseline,0.9294121112142443,0.7308846295028886,0.3098521052774821,0.9301905743189539,0.7320633957391609,0.3047654974456109,0.0,,
Global mean,baseline,1.1187703148173958,0.9349090400179173,-1.6996235535859938e-05,1.1156095876581453,0.9325951934176145,-2.7456018471871957e-05,0.0,,
